{"CACHE_SYNC_FILE_HASH":{"C:\\Users\\28081\\DevEcoStudioProjects\\SM\\hvigor\\hvigor-config.json5":"f56ad493d919f697f42f6ea0d4bfbc4957bc502b73543323f4e00fe5e0960fc9","C:\\Users\\28081\\DevEcoStudioProjects\\SM\\build-profile.json5":"c1d7e6abbbfe9242edba927ca5a2373ed7f162f668a6319813fcc4ece72da8d1","C:\\Users\\28081\\DevEcoStudioProjects\\SM\\hvigorfile.ts":"94196825752175b74bf1db38511046e57ded6ddf57612b66ead84dfbd1657429","C:\\Users\\28081\\DevEcoStudioProjects\\SM\\oh-package.json5":"b6903517983e3a1bb15691699cfad3a0c4dae663aab897d9428861508960501d","C:\\Users\\28081\\DevEcoStudioProjects\\SM\\entry\\build-profile.json5":"e3ad34441bc565b565735cd4103bc33259417c1c1b9b6bb323bcc583fda379f6","C:\\Users\\28081\\DevEcoStudioProjects\\SM\\entry\\hvigorfile.ts":"34103c3650429adef50d0e6e2e9b6135ce05fb3bee31ce836e7602c91493e189","C:\\Users\\28081\\DevEcoStudioProjects\\SM\\entry\\oh-package.json5":"24439e68134ca0d2dda24e61f7a0e8ab0799e05baf8b8680f73a2b7a7af006f0","C:\\Users\\28081\\DevEcoStudioProjects\\SM\\.hvigor\\outputs\\sync\\output.json":"3967120fecfec5af0647f710e9da350f1fcdf60108f2ed061d27d9f797a16f0b","SDK_LOCATION":"D:/Program Files/Huawei/DevEco Studio/sdk"},"OHPM_INSTALL_FILE_HASH":{"C:\\Users\\28081\\DevEcoStudioProjects\\SM\\oh-package.json5":"b6903517983e3a1bb15691699cfad3a0c4dae663aab897d9428861508960501d","C:\\Users\\28081\\DevEcoStudioProjects\\SM\\oh_modules\\.ohpm\\lock.json5":"ebe8540a05de00784a253fe32fc8043b130a6423ecc6cec00934661f8c97ac78","C:\\Users\\28081\\DevEcoStudioProjects\\SM\\entry\\oh-package.json5":"24439e68134ca0d2dda24e61f7a0e8ab0799e05baf8b8680f73a2b7a7af006f0","C:\\Users\\28081\\DevEcoStudioProjects\\SM\\oh_modules":true,"C:\\Users\\28081\\DevEcoStudioProjects\\SM\\entry\\oh_modules":false}}