{"deviceType":"phone","buildMode":"debug","note":"false","logLevel":"3","isPreview":"true","port":"29900","checkEntry":"true","localPropertiesPath":"C:\\Users\\28081\\DevEcoStudioProjects\\SM\\local.properties","Path":"D:\\Program Files\\Huawei\\DevEco Studio\\tools\\node\\","aceProfilePath":"C:\\Users\\28081\\DevEcoStudioProjects\\SM\\entry\\.preview\\default\\intermediates\\res\\default\\resources\\base\\profile","hapMode":"false","img2bin":"true","projectProfilePath":"C:\\Users\\28081\\DevEcoStudioProjects\\SM\\build-profile.json5","watchMode":"true","appResource":"C:\\Users\\28081\\DevEcoStudioProjects\\SM\\entry\\.preview\\default\\intermediates\\res\\default\\ResourceTable.txt","aceBuildJson":"C:\\Users\\28081\\DevEcoStudioProjects\\SM\\entry\\.preview\\default\\intermediates\\loader\\default\\loader.json","aceModuleRoot":"C:\\Users\\28081\\DevEcoStudioProjects\\SM\\entry\\src\\main\\ets","aceSoPath":"C:\\Users\\28081\\DevEcoStudioProjects\\SM\\entry\\.preview\\cache\\nativeDependencies.txt","cachePath":"C:\\Users\\28081\\DevEcoStudioProjects\\SM\\entry\\.preview\\cache\\.default","aceModuleBuild":"C:\\Users\\28081\\DevEcoStudioProjects\\SM\\entry\\.preview\\default\\intermediates\\assets\\default\\ets","aceModuleJsonPath":"C:\\Users\\28081\\DevEcoStudioProjects\\SM\\entry\\.preview\\default\\intermediates\\res\\default\\module.json","stageRouterConfig":{"paths":["C:\\Users\\28081\\DevEcoStudioProjects\\SM\\entry\\.preview\\default\\intermediates\\res\\default\\module.json","C:\\Users\\28081\\DevEcoStudioProjects\\SM\\entry\\.preview\\default\\intermediates\\res\\default\\resources\\base\\profile\\main_pages.json"],"contents":["{\"module\":{\"pages\":\"$profile:main_pages\",\"name\":\"entry\"}}","{\"src\":[\"pages/Home\",\"pages/Result\"]}"]}}