{"C:\\Users\\28081\\DevEcoStudioProjects\\SM\\AppScope\\app.json5":{"hashValue":"3a5065a6cffa4d47325d0ec6160d6fc0","name":"app.json5","path":"C:\\Users\\28081\\DevEcoStudioProjects\\SM\\AppScope\\app.json5","type":"file","isSymbolicLink":false,"fileMetaData":{"size":214,"lastModifiedTime":1750426624109}},"C:\\Users\\28081\\DevEcoStudioProjects\\SM\\entry\\src\\main\\module.json5":{"hashValue":"c9116397d7278f016cc37fe0a7b46e1e","name":"module.json5","path":"C:\\Users\\28081\\DevEcoStudioProjects\\SM\\entry\\src\\main\\module.json5","type":"file","isSymbolicLink":false,"fileMetaData":{"size":1031,"lastModifiedTime":1752054014944}},"C:\\Users\\28081\\DevEcoStudioProjects\\SM\\build-profile.json5":{"hashValue":"68afb0f404894c6335fbe9e675135345","name":"build-profile.json5","path":"C:\\Users\\28081\\DevEcoStudioProjects\\SM\\build-profile.json5","type":"file","isSymbolicLink":false,"fileMetaData":{"size":799,"lastModifiedTime":1750426624989}},"C:\\Users\\28081\\DevEcoStudioProjects\\SM\\entry\\build-profile.json5":{"hashValue":"1fd0e96847b6cb2f352ac5d83b0c8282","name":"build-profile.json5","path":"C:\\Users\\28081\\DevEcoStudioProjects\\SM\\entry\\build-profile.json5","type":"file","isSymbolicLink":false,"fileMetaData":{"size":449,"lastModifiedTime":1750426624993}},"C:\\Users\\28081\\DevEcoStudioProjects\\SM\\entry\\src\\main\\resources\\base\\profile\\main_pages.json":{"hashValue":"d776a353afa850bc227c3fc54ffaf457","name":"main_pages.json","path":"C:\\Users\\28081\\DevEcoStudioProjects\\SM\\entry\\src\\main\\resources\\base\\profile\\main_pages.json","type":"file","isSymbolicLink":false,"fileMetaData":{"size":56,"lastModifiedTime":1752223214501}},"C:\\Users\\28081\\DevEcoStudioProjects\\SM\\hvigor\\hvigor-config.json5":{"hashValue":"c0bd88ea047b0dde2abb565579fd792c","name":"hvigor-config.json5","path":"C:\\Users\\28081\\DevEcoStudioProjects\\SM\\hvigor\\hvigor-config.json5","type":"file","isSymbolicLink":false,"fileMetaData":{"size":1371,"lastModifiedTime":1750426624977}},"C:\\Users\\28081\\DevEcoStudioProjects\\SM\\entry\\src\\mock\\mock-config.json5":{"hashValue":"57bfd0d00af235591bebae20144ee3aa","name":"mock-config.json5","path":"C:\\Users\\28081\\DevEcoStudioProjects\\SM\\entry\\src\\mock\\mock-config.json5","type":"file","isSymbolicLink":false,"fileMetaData":{"size":3,"lastModifiedTime":1750426621651}},"C:\\Users\\28081\\DevEcoStudioProjects\\SM\\entry\\oh-package.json5":{"hashValue":"003118a228beabc535c1cf8f8b6ff93d","name":"oh-package.json5","path":"C:\\Users\\28081\\DevEcoStudioProjects\\SM\\entry\\oh-package.json5","type":"file","isSymbolicLink":false,"fileMetaData":{"size":183,"lastModifiedTime":1750426621533}},"C:\\Users\\28081\\DevEcoStudioProjects\\SM\\oh-package.json5":{"hashValue":"a5db1d31dd79b464ea40f05aa20a4bb9","name":"oh-package.json5","path":"C:\\Users\\28081\\DevEcoStudioProjects\\SM\\oh-package.json5","type":"file","isSymbolicLink":false,"fileMetaData":{"size":210,"lastModifiedTime":1750426624966}},"C:\\Users\\28081\\DevEcoStudioProjects\\SM\\entry\\build\\default\\intermediates\\hap_metadata\\default\\output_metadata.json":{"hashValue":"c653038d40ec310eda0cdf0ee06ba97f","name":"output_metadata.json","path":"C:\\Users\\28081\\DevEcoStudioProjects\\SM\\entry\\build\\default\\intermediates\\hap_metadata\\default\\output_metadata.json","type":"file","isSymbolicLink":false,"fileMetaData":{"size":84,"lastModifiedTime":1752054058154}},"C:\\Users\\28081\\DevEcoStudioProjects\\SM\\entry\\build\\default\\intermediates\\merge_profile\\default\\module.json":{"hashValue":"a521622e8f352a6f81ffaf44019496cd","name":"module.json","path":"C:\\Users\\28081\\DevEcoStudioProjects\\SM\\entry\\build\\default\\intermediates\\merge_profile\\default\\module.json","type":"file","isSymbolicLink":false,"fileMetaData":{"size":1320,"lastModifiedTime":1752830884880}},"C:\\Users\\28081\\DevEcoStudioProjects\\SM\\entry\\build\\default\\generated\\profile\\default\\BuildProfile.ets":{"hashValue":"a6f2aa41ed6515ab29da566fdab6a213","name":"BuildProfile.ets","path":"C:\\Users\\28081\\DevEcoStudioProjects\\SM\\entry\\build\\default\\generated\\profile\\default\\BuildProfile.ets","type":"file","isSymbolicLink":false,"fileMetaData":{"size":857,"lastModifiedTime":1752830884887}},"C:\\Users\\28081\\DevEcoStudioProjects\\SM\\entry\\build\\default\\outputs\\default\\pack.info":{"hashValue":"cd61eb5fc3b17c4de9316cbf177f2412","name":"pack.info","path":"C:\\Users\\28081\\DevEcoStudioProjects\\SM\\entry\\build\\default\\outputs\\default\\pack.info","type":"file","isSymbolicLink":false,"fileMetaData":{"size":535,"lastModifiedTime":1752054058189}},"D:\\Program Files\\Huawei\\DevEco Studio\\sdk\\default\\openharmony\\toolchains\\syscap_tool.exe":{"hashValue":"48f79a6f9068cee00c7682b8be7bb3e5","name":"syscap_tool.exe","path":"D:\\Program Files\\Huawei\\DevEco Studio\\sdk\\default\\openharmony\\toolchains\\syscap_tool.exe","type":"file","isSymbolicLink":false,"fileMetaData":{"size":362408,"lastModifiedTime":1750164280000}},"D:\\Program Files\\Huawei\\DevEco Studio\\sdk\\default\\openharmony\\ets\\api\\device-define":{"hashValue":"678ae4016f145fcc2b6301432b1b1ed2","name":"device-define","path":"D:\\Program Files\\Huawei\\DevEco Studio\\sdk\\default\\openharmony\\ets\\api\\device-define","type":"directory","isSymbolicLink":false,"children":[{"hashValue":"9463cb23a86cad40a5c68f23420db696","name":"default.json","path":"D:\\Program Files\\Huawei\\DevEco Studio\\sdk\\default\\openharmony\\ets\\api\\device-define\\default.json","type":"file","isSymbolicLink":false,"fileMetaData":{"size":12543,"lastModifiedTime":1750164280000}},{"hashValue":"b16afb41d681f176dc1b20c6eb17dd4c","name":"liteWearable.json","path":"D:\\Program Files\\Huawei\\DevEco Studio\\sdk\\default\\openharmony\\ets\\api\\device-define\\liteWearable.json","type":"file","isSymbolicLink":false,"fileMetaData":{"size":949,"lastModifiedTime":1750164280000}},{"hashValue":"ec79145afba3c00ede26308a8fcfafc6","name":"tablet.json","path":"D:\\Program Files\\Huawei\\DevEco Studio\\sdk\\default\\openharmony\\ets\\api\\device-define\\tablet.json","type":"file","isSymbolicLink":false,"fileMetaData":{"size":12056,"lastModifiedTime":1750164280000}},{"hashValue":"5fc5f440ff6e4a735357bce7450d630d","name":"wearable.json","path":"D:\\Program Files\\Huawei\\DevEco Studio\\sdk\\default\\openharmony\\ets\\api\\device-define\\wearable.json","type":"file","isSymbolicLink":false,"fileMetaData":{"size":10768,"lastModifiedTime":1750164280000}}]},"C:\\Users\\28081\\DevEcoStudioProjects\\SM\\entry\\build\\default\\intermediates\\process_profile\\default\\module.json":{"hashValue":"85aa3d048dfb778e060ebb760760cc96","name":"module.json","path":"C:\\Users\\28081\\DevEcoStudioProjects\\SM\\entry\\build\\default\\intermediates\\process_profile\\default\\module.json","type":"file","isSymbolicLink":false,"fileMetaData":{"size":1406,"lastModifiedTime":1752830885427}},"C:\\Users\\28081\\DevEcoStudioProjects\\SM\\entry\\build\\default\\intermediates\\router_map\\default\\temp-router-map.json":{"hashValue":"03d8a61bd1cf1e7d60d6b6817ac68ca1","name":"temp-router-map.json","path":"C:\\Users\\28081\\DevEcoStudioProjects\\SM\\entry\\build\\default\\intermediates\\router_map\\default\\temp-router-map.json","type":"file","isSymbolicLink":false,"fileMetaData":{"size":16,"lastModifiedTime":1752830885433}},"C:\\Users\\28081\\DevEcoStudioProjects\\SM\\entry\\build\\default\\intermediates\\router_map\\default\\loader-router-map.json":{"hashValue":"68e7a338bd0b4babb26373700329a5da","name":"loader-router-map.json","path":"C:\\Users\\28081\\DevEcoStudioProjects\\SM\\entry\\build\\default\\intermediates\\router_map\\default\\loader-router-map.json","type":"file","isSymbolicLink":false,"fileMetaData":{"size":16,"lastModifiedTime":1752830885433}},"C:\\Users\\28081\\DevEcoStudioProjects\\SM\\entry\\build\\default\\intermediates\\res\\default\\resConfig.json":{"hashValue":"67b21bd2a3a1335524c057f728c7d999","name":"resConfig.json","path":"C:\\Users\\28081\\DevEcoStudioProjects\\SM\\entry\\build\\default\\intermediates\\res\\default\\resConfig.json","type":"file","isSymbolicLink":false,"fileMetaData":{"size":1127,"lastModifiedTime":1751510456388}},"C:\\Users\\28081\\DevEcoStudioProjects\\SM\\entry\\build\\default\\intermediates\\res\\default\\opt-compression.json":{"hashValue":"c3c97b18d97e45058cf49a1f5be023d3","name":"opt-compression.json","path":"C:\\Users\\28081\\DevEcoStudioProjects\\SM\\entry\\build\\default\\intermediates\\res\\default\\opt-compression.json","type":"file","isSymbolicLink":false,"fileMetaData":{"size":195,"lastModifiedTime":1751510456388}},"C:\\Users\\28081\\DevEcoStudioProjects\\SM\\entry\\build\\default\\intermediates\\loader\\default\\loader.json":{"hashValue":"8a2f6c7ec8e8de611dd00cba5a578d8c","name":"loader.json","path":"C:\\Users\\28081\\DevEcoStudioProjects\\SM\\entry\\build\\default\\intermediates\\loader\\default\\loader.json","type":"file","isSymbolicLink":false,"fileMetaData":{"size":966,"lastModifiedTime":1752830885457}},"C:\\Users\\28081\\DevEcoStudioProjects\\SM\\entry\\build\\default\\intermediates\\libs\\default":{"hashValue":"","name":"default","path":"C:\\Users\\28081\\DevEcoStudioProjects\\SM\\entry\\build\\default\\intermediates\\libs\\default","type":"directory","isSymbolicLink":false,"children":[]},"C:\\Users\\28081\\DevEcoStudioProjects\\SM\\entry\\src\\main\\resources":{"hashValue":"27699fc623721d626e6ef7b7e32ceb59","name":"resources","path":"C:\\Users\\28081\\DevEcoStudioProjects\\SM\\entry\\src\\main\\resources","type":"directory","isSymbolicLink":false,"children":[{"hashValue":"55b2c86c6aef61315c308d9321d9e402","name":"base","path":"C:\\Users\\28081\\DevEcoStudioProjects\\SM\\entry\\src\\main\\resources\\base","type":"directory","isSymbolicLink":false,"children":[{"hashValue":"e75886708dec1b1add415ce1480c9ae4","name":"element","path":"C:\\Users\\28081\\DevEcoStudioProjects\\SM\\entry\\src\\main\\resources\\base\\element","type":"directory","isSymbolicLink":false,"children":[{"hashValue":"12b224ece0aa7ff049bb3e3583739ab5","name":"color.json","path":"C:\\Users\\28081\\DevEcoStudioProjects\\SM\\entry\\src\\main\\resources\\base\\element\\color.json","type":"file","isSymbolicLink":false,"fileMetaData":{"size":105,"lastModifiedTime":1750426621697}},{"hashValue":"f06544841a62805f3f9ce59757fd4329","name":"float.json","path":"C:\\Users\\28081\\DevEcoStudioProjects\\SM\\entry\\src\\main\\resources\\base\\element\\float.json","type":"file","isSymbolicLink":false,"fileMetaData":{"size":100,"lastModifiedTime":1750426621704}},{"hashValue":"cf3cc125f08d463ccd9165536e935eec","name":"string.json","path":"C:\\Users\\28081\\DevEcoStudioProjects\\SM\\entry\\src\\main\\resources\\base\\element\\string.json","type":"file","isSymbolicLink":false,"fileMetaData":{"size":247,"lastModifiedTime":1750426624960}}]},{"hashValue":"9044603fbe081c93ef253cb4d71db681","name":"media","path":"C:\\Users\\28081\\DevEcoStudioProjects\\SM\\entry\\src\\main\\resources\\base\\media","type":"directory","isSymbolicLink":false,"children":[{"hashValue":"bd05c69d4d1500a5124dbebb58764c05","name":"background.png","path":"C:\\Users\\28081\\DevEcoStudioProjects\\SM\\entry\\src\\main\\resources\\base\\media\\background.png","type":"file","isSymbolicLink":false,"fileMetaData":{"size":91942,"lastModifiedTime":1750426621719}},{"hashValue":"5b5b1643ec17c86bf08975d4553601de","name":"foreground.png","path":"C:\\Users\\28081\\DevEcoStudioProjects\\SM\\entry\\src\\main\\resources\\base\\media\\foreground.png","type":"file","isSymbolicLink":false,"fileMetaData":{"size":8805,"lastModifiedTime":1750426621731}},{"hashValue":"f3fa71bf138b3f0906dd9365bba7a2e5","name":"layered_image.json","path":"C:\\Users\\28081\\DevEcoStudioProjects\\SM\\entry\\src\\main\\resources\\base\\media\\layered_image.json","type":"file","isSymbolicLink":false,"fileMetaData":{"size":109,"lastModifiedTime":1750426621738}},{"hashValue":"587fbeb09b72e29fee380c2a08158e32","name":"startIcon.png","path":"C:\\Users\\28081\\DevEcoStudioProjects\\SM\\entry\\src\\main\\resources\\base\\media\\startIcon.png","type":"file","isSymbolicLink":false,"fileMetaData":{"size":20093,"lastModifiedTime":1750426621749}}]},{"hashValue":"9c089c88661d981560bf49182c06f055","name":"profile","path":"C:\\Users\\28081\\DevEcoStudioProjects\\SM\\entry\\src\\main\\resources\\base\\profile","type":"directory","isSymbolicLink":false,"children":[{"hashValue":"d776a353afa850bc227c3fc54ffaf457","name":"main_pages.json","path":"C:\\Users\\28081\\DevEcoStudioProjects\\SM\\entry\\src\\main\\resources\\base\\profile\\main_pages.json","type":"file","isSymbolicLink":false,"fileMetaData":{"size":56,"lastModifiedTime":1752223214501}}]}]},{"hashValue":"","name":"rawfile","path":"C:\\Users\\28081\\DevEcoStudioProjects\\SM\\entry\\src\\main\\resources\\rawfile","type":"directory","isSymbolicLink":false,"children":[]}]},"C:\\Users\\28081\\DevEcoStudioProjects\\SM\\AppScope\\resources":{"hashValue":"02d0412cfdd034fb800e921cc3732885","name":"resources","path":"C:\\Users\\28081\\DevEcoStudioProjects\\SM\\AppScope\\resources","type":"directory","isSymbolicLink":false,"children":[{"hashValue":"929a6425991ad1cd6da861bab9ad6c42","name":"base","path":"C:\\Users\\28081\\DevEcoStudioProjects\\SM\\AppScope\\resources\\base","type":"directory","isSymbolicLink":false,"children":[{"hashValue":"8d1c86e38f4e97720c9527595504ae3d","name":"element","path":"C:\\Users\\28081\\DevEcoStudioProjects\\SM\\AppScope\\resources\\base\\element","type":"directory","isSymbolicLink":false,"children":[{"hashValue":"41d06f52f73dfd24fbe36586ed0841ca","name":"string.json","path":"C:\\Users\\28081\\DevEcoStudioProjects\\SM\\AppScope\\resources\\base\\element\\string.json","type":"file","isSymbolicLink":false,"fileMetaData":{"size":88,"lastModifiedTime":1750426621020}}]},{"hashValue":"1cb74306a5e03d20717e8b76994f2e94","name":"media","path":"C:\\Users\\28081\\DevEcoStudioProjects\\SM\\AppScope\\resources\\base\\media","type":"directory","isSymbolicLink":false,"children":[{"hashValue":"bfa463ba9b763dfeb44ff848bd279bc9","name":"background.png","path":"C:\\Users\\28081\\DevEcoStudioProjects\\SM\\AppScope\\resources\\base\\media\\background.png","type":"file","isSymbolicLink":false,"fileMetaData":{"size":91942,"lastModifiedTime":1750426620990}},{"hashValue":"d75afc1cc24c8c5325c78c09da1e21f7","name":"foreground.png","path":"C:\\Users\\28081\\DevEcoStudioProjects\\SM\\AppScope\\resources\\base\\media\\foreground.png","type":"file","isSymbolicLink":false,"fileMetaData":{"size":8805,"lastModifiedTime":1750426621002}},{"hashValue":"249b14acd5db18e7728775673d6e66a7","name":"layered_image.json","path":"C:\\Users\\28081\\DevEcoStudioProjects\\SM\\AppScope\\resources\\base\\media\\layered_image.json","type":"file","isSymbolicLink":false,"fileMetaData":{"size":109,"lastModifiedTime":1750426621011}}]}]}]},"C:\\Users\\28081\\DevEcoStudioProjects\\SM\\entry\\build\\default\\intermediates\\res\\default":{"hashValue":"4ef0917193a6eb50eda977842d82015c","name":"default","path":"C:\\Users\\28081\\DevEcoStudioProjects\\SM\\entry\\build\\default\\intermediates\\res\\default","type":"directory","isSymbolicLink":false,"children":[{"hashValue":"e58444e12a0264a7d947c02f50d93368","name":".caches","path":"C:\\Users\\28081\\DevEcoStudioProjects\\SM\\entry\\build\\default\\intermediates\\res\\default\\.caches","type":"directory","isSymbolicLink":false,"children":[{"hashValue":"99f3ef4fbb111738a00a1f3d439c4177","name":"base","path":"C:\\Users\\28081\\DevEcoStudioProjects\\SM\\entry\\build\\default\\intermediates\\res\\default\\.caches\\base","type":"directory","isSymbolicLink":false,"children":[{"hashValue":"1d2b4e2fb9a9053d7c7d9d06d6bae304","name":"media","path":"C:\\Users\\28081\\DevEcoStudioProjects\\SM\\entry\\build\\default\\intermediates\\res\\default\\.caches\\base\\media","type":"directory","isSymbolicLink":false,"children":[{"hashValue":"12a4ae43af0baa3a1f742a59edfd8cc6","name":"background.png","path":"C:\\Users\\28081\\DevEcoStudioProjects\\SM\\entry\\build\\default\\intermediates\\res\\default\\.caches\\base\\media\\background.png","type":"file","isSymbolicLink":false,"fileMetaData":{"size":70283,"lastModifiedTime":1752830885817}},{"hashValue":"3c6342dacd8f7b225b8e4d6a8b16c122","name":"foreground.png","path":"C:\\Users\\28081\\DevEcoStudioProjects\\SM\\entry\\build\\default\\intermediates\\res\\default\\.caches\\base\\media\\foreground.png","type":"file","isSymbolicLink":false,"fileMetaData":{"size":9325,"lastModifiedTime":1752830885849}}]}]}]},{"hashValue":"0817274be27fa6216e3665a89cdfc4a9","name":"ark_module.json","path":"C:\\Users\\28081\\DevEcoStudioProjects\\SM\\entry\\build\\default\\intermediates\\res\\default\\ark_module.json","type":"file","isSymbolicLink":false,"fileMetaData":{"size":1126,"lastModifiedTime":1752830885426}},{"hashValue":"6d4e29cb3b065368f7644de7cb234dbe","name":"ids_map","path":"C:\\Users\\28081\\DevEcoStudioProjects\\SM\\entry\\build\\default\\intermediates\\res\\default\\ids_map","type":"directory","isSymbolicLink":false,"children":[{"hashValue":"3d666675d0d63babcb41889ebdb6e5c7","name":"id_defined.json","path":"C:\\Users\\28081\\DevEcoStudioProjects\\SM\\entry\\build\\default\\intermediates\\res\\default\\ids_map\\id_defined.json","type":"file","isSymbolicLink":false,"fileMetaData":{"size":873,"lastModifiedTime":1752830885851}}]},{"hashValue":"f8523f622384220f71510843f121d47d","name":"module.json","path":"C:\\Users\\28081\\DevEcoStudioProjects\\SM\\entry\\build\\default\\intermediates\\res\\default\\module.json","type":"file","isSymbolicLink":false,"fileMetaData":{"size":1573,"lastModifiedTime":1752830885780}},{"hashValue":"c3c97b18d97e45058cf49a1f5be023d3","name":"opt-compression.json","path":"C:\\Users\\28081\\DevEcoStudioProjects\\SM\\entry\\build\\default\\intermediates\\res\\default\\opt-compression.json","type":"file","isSymbolicLink":false,"fileMetaData":{"size":195,"lastModifiedTime":1751510456388}},{"hashValue":"67b21bd2a3a1335524c057f728c7d999","name":"resConfig.json","path":"C:\\Users\\28081\\DevEcoStudioProjects\\SM\\entry\\build\\default\\intermediates\\res\\default\\resConfig.json","type":"file","isSymbolicLink":false,"fileMetaData":{"size":1127,"lastModifiedTime":1751510456388}},{"hashValue":"ffb0464816788ade1fdaccbd060b9bac","name":"resources","path":"C:\\Users\\28081\\DevEcoStudioProjects\\SM\\entry\\build\\default\\intermediates\\res\\default\\resources","type":"directory","isSymbolicLink":false,"children":[{"hashValue":"7e26a377586c3f9e1f50789b9cb97484","name":"base","path":"C:\\Users\\28081\\DevEcoStudioProjects\\SM\\entry\\build\\default\\intermediates\\res\\default\\resources\\base","type":"directory","isSymbolicLink":false,"children":[{"hashValue":"014b9665baf5808a67b914d2f6fd2a3c","name":"media","path":"C:\\Users\\28081\\DevEcoStudioProjects\\SM\\entry\\build\\default\\intermediates\\res\\default\\resources\\base\\media","type":"directory","isSymbolicLink":false,"children":[{"hashValue":"12a4ae43af0baa3a1f742a59edfd8cc6","name":"background.png","path":"C:\\Users\\28081\\DevEcoStudioProjects\\SM\\entry\\build\\default\\intermediates\\res\\default\\resources\\base\\media\\background.png","type":"file","isSymbolicLink":false,"fileMetaData":{"size":70283,"lastModifiedTime":1752830885817}},{"hashValue":"3c6342dacd8f7b225b8e4d6a8b16c122","name":"foreground.png","path":"C:\\Users\\28081\\DevEcoStudioProjects\\SM\\entry\\build\\default\\intermediates\\res\\default\\resources\\base\\media\\foreground.png","type":"file","isSymbolicLink":false,"fileMetaData":{"size":9325,"lastModifiedTime":1752830885849}},{"hashValue":"ac9217edb4ed96245cdbdd93b43ff984","name":"layered_image.json","path":"C:\\Users\\28081\\DevEcoStudioProjects\\SM\\entry\\build\\default\\intermediates\\res\\default\\resources\\base\\media\\layered_image.json","type":"file","isSymbolicLink":false,"fileMetaData":{"size":95,"lastModifiedTime":1752830885779}},{"hashValue":"587fbeb09b72e29fee380c2a08158e32","name":"startIcon.png","path":"C:\\Users\\28081\\DevEcoStudioProjects\\SM\\entry\\build\\default\\intermediates\\res\\default\\resources\\base\\media\\startIcon.png","type":"file","isSymbolicLink":false,"fileMetaData":{"size":20093,"lastModifiedTime":1750426621749}}]},{"hashValue":"9c089c88661d981560bf49182c06f055","name":"profile","path":"C:\\Users\\28081\\DevEcoStudioProjects\\SM\\entry\\build\\default\\intermediates\\res\\default\\resources\\base\\profile","type":"directory","isSymbolicLink":false,"children":[{"hashValue":"d776a353afa850bc227c3fc54ffaf457","name":"main_pages.json","path":"C:\\Users\\28081\\DevEcoStudioProjects\\SM\\entry\\build\\default\\intermediates\\res\\default\\resources\\base\\profile\\main_pages.json","type":"file","isSymbolicLink":false,"fileMetaData":{"size":56,"lastModifiedTime":1752223214501}}]}]},{"hashValue":"","name":"rawfile","path":"C:\\Users\\28081\\DevEcoStudioProjects\\SM\\entry\\build\\default\\intermediates\\res\\default\\resources\\rawfile","type":"directory","isSymbolicLink":false,"children":[]}]},{"hashValue":"c627b6664557354d156ecca4f3962291","name":"resources.index","path":"C:\\Users\\28081\\DevEcoStudioProjects\\SM\\entry\\build\\default\\intermediates\\res\\default\\resources.index","type":"file","isSymbolicLink":false,"fileMetaData":{"size":848,"lastModifiedTime":1752830885851}},{"hashValue":"c9c64880b7bc724b8de965c419068e33","name":"ResourceTable.txt","path":"C:\\Users\\28081\\DevEcoStudioProjects\\SM\\entry\\build\\default\\intermediates\\res\\default\\ResourceTable.txt","type":"file","isSymbolicLink":false,"fileMetaData":{"size":351,"lastModifiedTime":1752830885780}}]},"C:\\Users\\28081\\DevEcoStudioProjects\\SM\\entry\\build\\default\\generated\\r\\default\\ResourceTable.h":{"hashValue":"a3c5e8b53b5756e42bdf2f912eb576f4","name":"ResourceTable.h","path":"C:\\Users\\28081\\DevEcoStudioProjects\\SM\\entry\\build\\default\\generated\\r\\default\\ResourceTable.h","type":"file","isSymbolicLink":false,"fileMetaData":{"size":1244,"lastModifiedTime":1752830885780}},"C:\\Users\\28081\\DevEcoStudioProjects\\SM\\entry\\build\\default\\generated\\r\\default":{"hashValue":"b4854094f3340c53514765420b027719","name":"default","path":"C:\\Users\\28081\\DevEcoStudioProjects\\SM\\entry\\build\\default\\generated\\r\\default","type":"directory","isSymbolicLink":false,"children":[{"hashValue":"a3c5e8b53b5756e42bdf2f912eb576f4","name":"ResourceTable.h","path":"C:\\Users\\28081\\DevEcoStudioProjects\\SM\\entry\\build\\default\\generated\\r\\default\\ResourceTable.h","type":"file","isSymbolicLink":false,"fileMetaData":{"size":1244,"lastModifiedTime":1752830885780}}]},"C:\\Users\\28081\\DevEcoStudioProjects\\SM\\entry\\build\\default\\intermediates\\stripped_native_libs\\default":{"hashValue":"","name":"default","path":"C:\\Users\\28081\\DevEcoStudioProjects\\SM\\entry\\build\\default\\intermediates\\stripped_native_libs\\default","type":"directory","isSymbolicLink":false,"children":[]},"C:\\Users\\28081\\DevEcoStudioProjects\\SM\\entry\\build\\default\\intermediates\\patch\\default\\base_native_libs.json":{"hashValue":"3c880a314be7af904b172ab1066e7e26","name":"base_native_libs.json","path":"C:\\Users\\28081\\DevEcoStudioProjects\\SM\\entry\\build\\default\\intermediates\\patch\\default\\base_native_libs.json","type":"file","isSymbolicLink":false,"fileMetaData":{"size":25,"lastModifiedTime":1751510458978}},"C:\\Users\\28081\\DevEcoStudioProjects\\SM\\entry\\build\\default\\intermediates\\loader\\default":{"hashValue":"fa6d3c13164fb6fb90ee59abf8d9741f","name":"default","path":"C:\\Users\\28081\\DevEcoStudioProjects\\SM\\entry\\build\\default\\intermediates\\loader\\default","type":"directory","isSymbolicLink":false,"children":[{"hashValue":"8a2f6c7ec8e8de611dd00cba5a578d8c","name":"loader.json","path":"C:\\Users\\28081\\DevEcoStudioProjects\\SM\\entry\\build\\default\\intermediates\\loader\\default\\loader.json","type":"file","isSymbolicLink":false,"fileMetaData":{"size":966,"lastModifiedTime":1752830885457}}]},"C:\\Users\\28081\\DevEcoStudioProjects\\SM\\entry\\build\\default\\intermediates\\res\\default\\resources\\rawfile":{"hashValue":"","name":"rawfile","path":"C:\\Users\\28081\\DevEcoStudioProjects\\SM\\entry\\build\\default\\intermediates\\res\\default\\resources\\rawfile","type":"directory","isSymbolicLink":false,"children":[]},"C:\\Users\\28081\\DevEcoStudioProjects\\SM\\entry\\build\\default\\intermediates\\res\\default\\ResourceTable.txt":{"hashValue":"c9c64880b7bc724b8de965c419068e33","name":"ResourceTable.txt","path":"C:\\Users\\28081\\DevEcoStudioProjects\\SM\\entry\\build\\default\\intermediates\\res\\default\\ResourceTable.txt","type":"file","isSymbolicLink":false,"fileMetaData":{"size":351,"lastModifiedTime":1752830885780}},"C:\\Users\\28081\\DevEcoStudioProjects\\SM\\entry\\build\\default\\intermediates\\res\\default\\ark_module.json":{"hashValue":"0817274be27fa6216e3665a89cdfc4a9","name":"ark_module.json","path":"C:\\Users\\28081\\DevEcoStudioProjects\\SM\\entry\\build\\default\\intermediates\\res\\default\\ark_module.json","type":"file","isSymbolicLink":false,"fileMetaData":{"size":1126,"lastModifiedTime":1752830885426}},"C:\\Users\\28081\\DevEcoStudioProjects\\SM\\entry\\build\\default\\intermediates\\res\\default\\resources\\base\\profile":{"hashValue":"9c089c88661d981560bf49182c06f055","name":"profile","path":"C:\\Users\\28081\\DevEcoStudioProjects\\SM\\entry\\build\\default\\intermediates\\res\\default\\resources\\base\\profile","type":"directory","isSymbolicLink":false,"children":[{"hashValue":"d776a353afa850bc227c3fc54ffaf457","name":"main_pages.json","path":"C:\\Users\\28081\\DevEcoStudioProjects\\SM\\entry\\build\\default\\intermediates\\res\\default\\resources\\base\\profile\\main_pages.json","type":"file","isSymbolicLink":false,"fileMetaData":{"size":56,"lastModifiedTime":1752223214501}}]},"C:\\Users\\28081\\DevEcoStudioProjects\\SM\\entry\\src\\main\\ets":{"hashValue":"4f7c96c168b0f790c3e9e91840172295","name":"ets","path":"C:\\Users\\28081\\DevEcoStudioProjects\\SM\\entry\\src\\main\\ets","type":"directory","isSymbolicLink":false,"children":[{"hashValue":"07ea2f82c01b04f23edccc450273cc03","name":"entryability","path":"C:\\Users\\28081\\DevEcoStudioProjects\\SM\\entry\\src\\main\\ets\\entryability","type":"directory","isSymbolicLink":false,"children":[{"hashValue":"8728f643ad51df0171731f868fbac990","name":"EntryAbility.ets","path":"C:\\Users\\28081\\DevEcoStudioProjects\\SM\\entry\\src\\main\\ets\\entryability\\EntryAbility.ets","type":"file","isSymbolicLink":false,"fileMetaData":{"size":1493,"lastModifiedTime":1751524209270}}]},{"hashValue":"16e5aa06775c6ccd9082d680ad3a9ea6","name":"pages","path":"C:\\Users\\28081\\DevEcoStudioProjects\\SM\\entry\\src\\main\\ets\\pages","type":"directory","isSymbolicLink":false,"children":[{"hashValue":"2566d571d7dee956609f474f3756c363","name":"Home.ets","path":"C:\\Users\\28081\\DevEcoStudioProjects\\SM\\entry\\src\\main\\ets\\pages\\Home.ets","type":"file","isSymbolicLink":false,"fileMetaData":{"size":3861,"lastModifiedTime":1752830965437}},{"hashValue":"5cd43dab7f6e399285bad2ce0dd427e8","name":"Index.ets","path":"C:\\Users\\28081\\DevEcoStudioProjects\\SM\\entry\\src\\main\\ets\\pages\\Index.ets","type":"file","isSymbolicLink":false,"fileMetaData":{"size":378,"lastModifiedTime":1751513945541}},{"hashValue":"d13565fbf972f31788cd251730dde7af","name":"Result.ets","path":"C:\\Users\\28081\\DevEcoStudioProjects\\SM\\entry\\src\\main\\ets\\pages\\Result.ets","type":"file","isSymbolicLink":false,"fileMetaData":{"size":1660,"lastModifiedTime":1752830974552}}]}]},"C:\\Users\\28081\\DevEcoStudioProjects\\SM\\entry\\build\\default\\intermediates\\loader_out\\default\\ets":{"hashValue":"4b41648a3a5ae4558db2e9052692f37c","name":"ets","path":"C:\\Users\\28081\\DevEcoStudioProjects\\SM\\entry\\build\\default\\intermediates\\loader_out\\default\\ets","type":"directory","isSymbolicLink":false,"children":[{"hashValue":"fcba6ce4c1c5dfd260f66f4a60ceadc5","name":"modules.abc","path":"C:\\Users\\28081\\DevEcoStudioProjects\\SM\\entry\\build\\default\\intermediates\\loader_out\\default\\ets\\modules.abc","type":"file","isSymbolicLink":false,"fileMetaData":{"size":26388,"lastModifiedTime":1752830976223}},{"hashValue":"71b56996475e1893b48e2d6729adfe00","name":"sourceMaps.map","path":"C:\\Users\\28081\\DevEcoStudioProjects\\SM\\entry\\build\\default\\intermediates\\loader_out\\default\\ets\\sourceMaps.map","type":"file","isSymbolicLink":false,"fileMetaData":{"size":8567,"lastModifiedTime":1752830975974}}]},"C:\\Users\\28081\\DevEcoStudioProjects\\SM\\entry\\build\\default\\intermediates\\res\\default\\module.json":{"hashValue":"f8523f622384220f71510843f121d47d","name":"module.json","path":"C:\\Users\\28081\\DevEcoStudioProjects\\SM\\entry\\build\\default\\intermediates\\res\\default\\module.json","type":"file","isSymbolicLink":false,"fileMetaData":{"size":1573,"lastModifiedTime":1752830885780}},"C:\\Users\\28081\\DevEcoStudioProjects\\SM\\entry\\build\\default\\intermediates\\package\\default\\module.json":{"hashValue":"f8523f622384220f71510843f121d47d","name":"module.json","path":"C:\\Users\\28081\\DevEcoStudioProjects\\SM\\entry\\build\\default\\intermediates\\package\\default\\module.json","type":"file","isSymbolicLink":false,"fileMetaData":{"size":1573,"lastModifiedTime":1752830885780}},"C:\\Users\\28081\\DevEcoStudioProjects\\SM\\entry\\build\\default\\intermediates\\res\\default\\resources":{"hashValue":"ffb0464816788ade1fdaccbd060b9bac","name":"resources","path":"C:\\Users\\28081\\DevEcoStudioProjects\\SM\\entry\\build\\default\\intermediates\\res\\default\\resources","type":"directory","isSymbolicLink":false,"children":[{"hashValue":"7e26a377586c3f9e1f50789b9cb97484","name":"base","path":"C:\\Users\\28081\\DevEcoStudioProjects\\SM\\entry\\build\\default\\intermediates\\res\\default\\resources\\base","type":"directory","isSymbolicLink":false,"children":[{"hashValue":"014b9665baf5808a67b914d2f6fd2a3c","name":"media","path":"C:\\Users\\28081\\DevEcoStudioProjects\\SM\\entry\\build\\default\\intermediates\\res\\default\\resources\\base\\media","type":"directory","isSymbolicLink":false,"children":[{"hashValue":"12a4ae43af0baa3a1f742a59edfd8cc6","name":"background.png","path":"C:\\Users\\28081\\DevEcoStudioProjects\\SM\\entry\\build\\default\\intermediates\\res\\default\\resources\\base\\media\\background.png","type":"file","isSymbolicLink":false,"fileMetaData":{"size":70283,"lastModifiedTime":1752830885817}},{"hashValue":"3c6342dacd8f7b225b8e4d6a8b16c122","name":"foreground.png","path":"C:\\Users\\28081\\DevEcoStudioProjects\\SM\\entry\\build\\default\\intermediates\\res\\default\\resources\\base\\media\\foreground.png","type":"file","isSymbolicLink":false,"fileMetaData":{"size":9325,"lastModifiedTime":1752830885849}},{"hashValue":"ac9217edb4ed96245cdbdd93b43ff984","name":"layered_image.json","path":"C:\\Users\\28081\\DevEcoStudioProjects\\SM\\entry\\build\\default\\intermediates\\res\\default\\resources\\base\\media\\layered_image.json","type":"file","isSymbolicLink":false,"fileMetaData":{"size":95,"lastModifiedTime":1752830885779}},{"hashValue":"587fbeb09b72e29fee380c2a08158e32","name":"startIcon.png","path":"C:\\Users\\28081\\DevEcoStudioProjects\\SM\\entry\\build\\default\\intermediates\\res\\default\\resources\\base\\media\\startIcon.png","type":"file","isSymbolicLink":false,"fileMetaData":{"size":20093,"lastModifiedTime":1750426621749}}]},{"hashValue":"9c089c88661d981560bf49182c06f055","name":"profile","path":"C:\\Users\\28081\\DevEcoStudioProjects\\SM\\entry\\build\\default\\intermediates\\res\\default\\resources\\base\\profile","type":"directory","isSymbolicLink":false,"children":[{"hashValue":"d776a353afa850bc227c3fc54ffaf457","name":"main_pages.json","path":"C:\\Users\\28081\\DevEcoStudioProjects\\SM\\entry\\build\\default\\intermediates\\res\\default\\resources\\base\\profile\\main_pages.json","type":"file","isSymbolicLink":false,"fileMetaData":{"size":56,"lastModifiedTime":1752223214501}}]}]},{"hashValue":"","name":"rawfile","path":"C:\\Users\\28081\\DevEcoStudioProjects\\SM\\entry\\build\\default\\intermediates\\res\\default\\resources\\rawfile","type":"directory","isSymbolicLink":false,"children":[]}]},"C:\\Users\\28081\\DevEcoStudioProjects\\SM\\entry\\build\\default\\intermediates\\res\\default\\resources.index":{"hashValue":"c627b6664557354d156ecca4f3962291","name":"resources.index","path":"C:\\Users\\28081\\DevEcoStudioProjects\\SM\\entry\\build\\default\\intermediates\\res\\default\\resources.index","type":"file","isSymbolicLink":false,"fileMetaData":{"size":848,"lastModifiedTime":1752830885851}},"C:\\Users\\28081\\DevEcoStudioProjects\\SM\\entry\\build\\default\\intermediates\\loader_out\\default\\ets\\sourceMaps.map":{"hashValue":"71b56996475e1893b48e2d6729adfe00","name":"sourceMaps.map","path":"C:\\Users\\28081\\DevEcoStudioProjects\\SM\\entry\\build\\default\\intermediates\\loader_out\\default\\ets\\sourceMaps.map","type":"file","isSymbolicLink":false,"fileMetaData":{"size":8567,"lastModifiedTime":1752830975974}},"C:\\Users\\28081\\DevEcoStudioProjects\\SM\\entry\\build\\default\\outputs\\default\\entry-default-unsigned.hap":{"hashValue":"049de1bfba523158abe5967f9603aaa8","name":"entry-default-unsigned.hap","path":"C:\\Users\\28081\\DevEcoStudioProjects\\SM\\entry\\build\\default\\outputs\\default\\entry-default-unsigned.hap","type":"file","isSymbolicLink":false,"fileMetaData":{"size":138751,"lastModifiedTime":1752830976872}},"C:\\Users\\28081\\DevEcoStudioProjects\\SM\\entry\\build\\default\\intermediates\\source_map\\default\\sourceMaps.map":{"hashValue":"71b56996475e1893b48e2d6729adfe00","name":"sourceMaps.map","path":"C:\\Users\\28081\\DevEcoStudioProjects\\SM\\entry\\build\\default\\intermediates\\source_map\\default\\sourceMaps.map","type":"file","isSymbolicLink":false,"fileMetaData":{"size":8567,"lastModifiedTime":1752830975974}},"C:\\Users\\28081\\DevEcoStudioProjects\\SM\\entry\\build\\default\\outputs\\default\\mapping\\sourceMaps.map":{"hashValue":"71b56996475e1893b48e2d6729adfe00","name":"sourceMaps.map","path":"C:\\Users\\28081\\DevEcoStudioProjects\\SM\\entry\\build\\default\\outputs\\default\\mapping\\sourceMaps.map","type":"file","isSymbolicLink":false,"fileMetaData":{"size":8567,"lastModifiedTime":1752830975974}},"C:\\Users\\28081\\DevEcoStudioProjects\\SM\\entry\\.preview\\default\\intermediates\\merge_profile\\default\\module.json":{"hashValue":"d2507d6debe636838ada76ac69356de2","name":"module.json","path":"C:\\Users\\28081\\DevEcoStudioProjects\\SM\\entry\\.preview\\default\\intermediates\\merge_profile\\default\\module.json","type":"file","isSymbolicLink":false,"fileMetaData":{"size":1320,"lastModifiedTime":1752829793210}},"C:\\Users\\28081\\DevEcoStudioProjects\\SM\\entry\\.preview\\default\\generated\\profile\\default\\BuildProfile.ets":{"hashValue":"20a2bc3e7280ae82530136296f4f62a5","name":"BuildProfile.ets","path":"C:\\Users\\28081\\DevEcoStudioProjects\\SM\\entry\\.preview\\default\\generated\\profile\\default\\BuildProfile.ets","type":"file","isSymbolicLink":false,"fileMetaData":{"size":857,"lastModifiedTime":1752829793216}},"C:\\Users\\28081\\DevEcoStudioProjects\\SM\\entry\\.preview\\default\\intermediates\\process_profile\\default\\module.json":{"hashValue":"3b3907b9bdc39a48edbbd8b42d477b31","name":"module.json","path":"C:\\Users\\28081\\DevEcoStudioProjects\\SM\\entry\\.preview\\default\\intermediates\\process_profile\\default\\module.json","type":"file","isSymbolicLink":false,"fileMetaData":{"size":1406,"lastModifiedTime":1752829793643}},"C:\\Users\\28081\\DevEcoStudioProjects\\SM\\entry\\.preview\\default\\intermediates\\router_map\\default\\temp-router-map.json":{"hashValue":"f792f8e0355d409a2e693615f64662a4","name":"temp-router-map.json","path":"C:\\Users\\28081\\DevEcoStudioProjects\\SM\\entry\\.preview\\default\\intermediates\\router_map\\default\\temp-router-map.json","type":"file","isSymbolicLink":false,"fileMetaData":{"size":16,"lastModifiedTime":1752829793650}},"C:\\Users\\28081\\DevEcoStudioProjects\\SM\\entry\\.preview\\default\\intermediates\\router_map\\default\\loader-router-map.json":{"hashValue":"76e4be20b79fb1934a41def7adc0f7cb","name":"loader-router-map.json","path":"C:\\Users\\28081\\DevEcoStudioProjects\\SM\\entry\\.preview\\default\\intermediates\\router_map\\default\\loader-router-map.json","type":"file","isSymbolicLink":false,"fileMetaData":{"size":16,"lastModifiedTime":1752829793650}},"C:\\Users\\28081\\DevEcoStudioProjects\\SM\\entry\\.preview\\default\\intermediates\\loader\\default\\loader.json":{"hashValue":"2d20bc76ca8b949fcc90d3841a1139e4","name":"loader.json","path":"C:\\Users\\28081\\DevEcoStudioProjects\\SM\\entry\\.preview\\default\\intermediates\\loader\\default\\loader.json","type":"file","isSymbolicLink":false,"fileMetaData":{"size":863,"lastModifiedTime":1752829793676}},"C:\\Users\\28081\\DevEcoStudioProjects\\SM\\entry\\.preview\\default\\intermediates\\res\\default":{"hashValue":"22bb601693f08d694f40129a41c22956","name":"default","path":"C:\\Users\\28081\\DevEcoStudioProjects\\SM\\entry\\.preview\\default\\intermediates\\res\\default","type":"directory","isSymbolicLink":false,"children":[{"hashValue":"847559150198180c345f9890e5d5ecab","name":"app_compiled","path":"C:\\Users\\28081\\DevEcoStudioProjects\\SM\\entry\\.preview\\default\\intermediates\\res\\default\\app_compiled","type":"directory","isSymbolicLink":false,"children":[{"hashValue":"92182b1ad1e7d3b0fb8bcae50597fddf","name":"4973583351043126338","path":"C:\\Users\\28081\\DevEcoStudioProjects\\SM\\entry\\.preview\\default\\intermediates\\res\\default\\app_compiled\\4973583351043126338","type":"file","isSymbolicLink":false,"fileMetaData":{"size":220,"lastModifiedTime":1752829793982}},{"hashValue":"bf15a1622b0de24cea128fb83017d660","name":"5366221243341989002","path":"C:\\Users\\28081\\DevEcoStudioProjects\\SM\\entry\\.preview\\default\\intermediates\\res\\default\\app_compiled\\5366221243341989002","type":"file","isSymbolicLink":false,"fileMetaData":{"size":120,"lastModifiedTime":1752829793981}},{"hashValue":"0eedf39a91b3ea27c817da6e633c81c0","name":"5645912346197268537","path":"C:\\Users\\28081\\DevEcoStudioProjects\\SM\\entry\\.preview\\default\\intermediates\\res\\default\\app_compiled\\5645912346197268537","type":"file","isSymbolicLink":false,"fileMetaData":{"size":208,"lastModifiedTime":1752829793981}},{"hashValue":"a976219ce8639f2ce109589004dc61d2","name":"798024568359322066","path":"C:\\Users\\28081\\DevEcoStudioProjects\\SM\\entry\\.preview\\default\\intermediates\\res\\default\\app_compiled\\798024568359322066","type":"file","isSymbolicLink":false,"fileMetaData":{"size":208,"lastModifiedTime":1752829793982}}]},{"hashValue":"092c4daecd3e891457cf7719818f2b8f","name":"ids_map","path":"C:\\Users\\28081\\DevEcoStudioProjects\\SM\\entry\\.preview\\default\\intermediates\\res\\default\\ids_map","type":"directory","isSymbolicLink":false,"children":[{"hashValue":"e91255c6781b53871646c4a6ba274bfd","name":"id_defined.json","path":"C:\\Users\\28081\\DevEcoStudioProjects\\SM\\entry\\.preview\\default\\intermediates\\res\\default\\ids_map\\id_defined.json","type":"file","isSymbolicLink":false,"fileMetaData":{"size":873,"lastModifiedTime":1752829794600}}]},{"hashValue":"42be4918fc69c367b2ed4d1c1dd070f6","name":"mock-config.json","path":"C:\\Users\\28081\\DevEcoStudioProjects\\SM\\entry\\.preview\\default\\intermediates\\res\\default\\mock-config.json","type":"file","isSymbolicLink":false,"fileMetaData":{"size":2,"lastModifiedTime":1751524156575}},{"hashValue":"1dca83aeee86b86cdd77eb5780b2536c","name":"module_compiled","path":"C:\\Users\\28081\\DevEcoStudioProjects\\SM\\entry\\.preview\\default\\intermediates\\res\\default\\module_compiled","type":"directory","isSymbolicLink":false,"children":[{"hashValue":"606883a16a5a1cb9a7c5fa6f1a19c227","name":"14316469999132076233","path":"C:\\Users\\28081\\DevEcoStudioProjects\\SM\\entry\\.preview\\default\\intermediates\\res\\default\\module_compiled\\14316469999132076233","type":"file","isSymbolicLink":false,"fileMetaData":{"size":138,"lastModifiedTime":1752829794281}},{"hashValue":"0827c913dc5b1e3b5b26a9256b9bcf98","name":"15044762286388811162","path":"C:\\Users\\28081\\DevEcoStudioProjects\\SM\\entry\\.preview\\default\\intermediates\\res\\default\\module_compiled\\15044762286388811162","type":"file","isSymbolicLink":false,"fileMetaData":{"size":220,"lastModifiedTime":1752829794282}},{"hashValue":"f5f1f5854e312c4e47f363f789dbfc15","name":"15409697339716538741","path":"C:\\Users\\28081\\DevEcoStudioProjects\\SM\\entry\\.preview\\default\\intermediates\\res\\default\\module_compiled\\15409697339716538741","type":"file","isSymbolicLink":false,"fileMetaData":{"size":232,"lastModifiedTime":1752829794282}},{"hashValue":"11099d83201e2b7747d54e59a8fb3f78","name":"4884510066530891516","path":"C:\\Users\\28081\\DevEcoStudioProjects\\SM\\entry\\.preview\\default\\intermediates\\res\\default\\module_compiled\\4884510066530891516","type":"file","isSymbolicLink":false,"fileMetaData":{"size":145,"lastModifiedTime":1752829794280}},{"hashValue":"ec0e0f8904445d6cdf97365719bc5c6a","name":"5362476859468077512","path":"C:\\Users\\28081\\DevEcoStudioProjects\\SM\\entry\\.preview\\default\\intermediates\\res\\default\\module_compiled\\5362476859468077512","type":"file","isSymbolicLink":false,"fileMetaData":{"size":227,"lastModifiedTime":1752829794283}},{"hashValue":"f5b9a43e966deeedbaf4a793f04c6319","name":"5930081209683035912","path":"C:\\Users\\28081\\DevEcoStudioProjects\\SM\\entry\\.preview\\default\\intermediates\\res\\default\\module_compiled\\5930081209683035912","type":"file","isSymbolicLink":false,"fileMetaData":{"size":428,"lastModifiedTime":1752829794281}},{"hashValue":"069651fba8b97b326c3cddae63f69483","name":"6832171546418611136","path":"C:\\Users\\28081\\DevEcoStudioProjects\\SM\\entry\\.preview\\default\\intermediates\\res\\default\\module_compiled\\6832171546418611136","type":"file","isSymbolicLink":false,"fileMetaData":{"size":220,"lastModifiedTime":1752829794282}},{"hashValue":"84feefc7e4173efdb1c99bb15bf4c636","name":"7077777318406339524","path":"C:\\Users\\28081\\DevEcoStudioProjects\\SM\\entry\\.preview\\default\\intermediates\\res\\default\\module_compiled\\7077777318406339524","type":"file","isSymbolicLink":false,"fileMetaData":{"size":217,"lastModifiedTime":1752829794282}}]},{"hashValue":"74f6b11ba85fa2704a76810829a7f9ca","name":"module.json","path":"C:\\Users\\28081\\DevEcoStudioProjects\\SM\\entry\\.preview\\default\\intermediates\\res\\default\\module.json","type":"file","isSymbolicLink":false,"fileMetaData":{"size":1418,"lastModifiedTime":1752829794651}},{"hashValue":"12b8edb45bbe11579c38f5a9a35a11ac","name":"resources","path":"C:\\Users\\28081\\DevEcoStudioProjects\\SM\\entry\\.preview\\default\\intermediates\\res\\default\\resources","type":"directory","isSymbolicLink":false,"children":[{"hashValue":"1f52b85d1162dae6a1119d5a1499252e","name":"base","path":"C:\\Users\\28081\\DevEcoStudioProjects\\SM\\entry\\.preview\\default\\intermediates\\res\\default\\resources\\base","type":"directory","isSymbolicLink":false,"children":[{"hashValue":"7c906571e283b0959ca38b0b8aafafc7","name":"media","path":"C:\\Users\\28081\\DevEcoStudioProjects\\SM\\entry\\.preview\\default\\intermediates\\res\\default\\resources\\base\\media","type":"directory","isSymbolicLink":false,"children":[{"hashValue":"51a99b0a20b4bb0089248fcd7bed3d82","name":"layered_image.json","path":"C:\\Users\\28081\\DevEcoStudioProjects\\SM\\entry\\.preview\\default\\intermediates\\res\\default\\resources\\base\\media\\layered_image.json","type":"file","isSymbolicLink":false,"fileMetaData":{"size":95,"lastModifiedTime":1752829794600}}]},{"hashValue":"e496a9d33a595b83a0488ee783698886","name":"profile","path":"C:\\Users\\28081\\DevEcoStudioProjects\\SM\\entry\\.preview\\default\\intermediates\\res\\default\\resources\\base\\profile","type":"directory","isSymbolicLink":false,"children":[{"hashValue":"c04c87e85eeb399c8ccf070dfb157cd3","name":"main_pages.json","path":"C:\\Users\\28081\\DevEcoStudioProjects\\SM\\entry\\.preview\\default\\intermediates\\res\\default\\resources\\base\\profile\\main_pages.json","type":"file","isSymbolicLink":false,"fileMetaData":{"size":38,"lastModifiedTime":1752829794626}}]}]}]},{"hashValue":"b9dea4e499041b15d1291ddabbe3c944","name":"resources.index","path":"C:\\Users\\28081\\DevEcoStudioProjects\\SM\\entry\\.preview\\default\\intermediates\\res\\default\\resources.index","type":"file","isSymbolicLink":false,"fileMetaData":{"size":1110,"lastModifiedTime":1752829794600}},{"hashValue":"5cdcb9ca58ad64d2e909cad465e0603c","name":"ResourceTable.txt","path":"C:\\Users\\28081\\DevEcoStudioProjects\\SM\\entry\\.preview\\default\\intermediates\\res\\default\\ResourceTable.txt","type":"file","isSymbolicLink":false,"fileMetaData":{"size":351,"lastModifiedTime":1752829794601}}]},"C:\\Users\\28081\\DevEcoStudioProjects\\SM\\entry\\.preview\\default\\generated\\r\\default":{"hashValue":"4b07b7a8eabd6cb5f5d5395a2fb9c000","name":"default","path":"C:\\Users\\28081\\DevEcoStudioProjects\\SM\\entry\\.preview\\default\\generated\\r\\default","type":"directory","isSymbolicLink":false,"children":[{"hashValue":"d8ab788714a580f57dcd2dac38cf011c","name":"ResourceTable.h","path":"C:\\Users\\28081\\DevEcoStudioProjects\\SM\\entry\\.preview\\default\\generated\\r\\default\\ResourceTable.h","type":"file","isSymbolicLink":false,"fileMetaData":{"size":1244,"lastModifiedTime":1752829794601}}]},"C:\\Users\\28081\\DevEcoStudioProjects\\SM\\entry\\src\\main\\resources\\base\\profile":{"hashValue":"9c089c88661d981560bf49182c06f055","name":"profile","path":"C:\\Users\\28081\\DevEcoStudioProjects\\SM\\entry\\src\\main\\resources\\base\\profile","type":"directory","isSymbolicLink":false,"children":[{"hashValue":"d776a353afa850bc227c3fc54ffaf457","name":"main_pages.json","path":"C:\\Users\\28081\\DevEcoStudioProjects\\SM\\entry\\src\\main\\resources\\base\\profile\\main_pages.json","type":"file","isSymbolicLink":false,"fileMetaData":{"size":56,"lastModifiedTime":1752223214501}}]},"C:\\Users\\28081\\DevEcoStudioProjects\\SM\\entry\\.preview\\default\\intermediates\\res\\default\\resources\\base\\profile":{"hashValue":"e496a9d33a595b83a0488ee783698886","name":"profile","path":"C:\\Users\\28081\\DevEcoStudioProjects\\SM\\entry\\.preview\\default\\intermediates\\res\\default\\resources\\base\\profile","type":"directory","isSymbolicLink":false,"children":[{"hashValue":"c04c87e85eeb399c8ccf070dfb157cd3","name":"main_pages.json","path":"C:\\Users\\28081\\DevEcoStudioProjects\\SM\\entry\\.preview\\default\\intermediates\\res\\default\\resources\\base\\profile\\main_pages.json","type":"file","isSymbolicLink":false,"fileMetaData":{"size":38,"lastModifiedTime":1752829794626}}]},"C:\\Users\\28081\\DevEcoStudioProjects\\SM\\entry\\.preview\\default\\intermediates\\res\\default\\module.json":{"hashValue":"74f6b11ba85fa2704a76810829a7f9ca","name":"module.json","path":"C:\\Users\\28081\\DevEcoStudioProjects\\SM\\entry\\.preview\\default\\intermediates\\res\\default\\module.json","type":"file","isSymbolicLink":false,"fileMetaData":{"size":1418,"lastModifiedTime":1752829794651}},"C:\\Users\\28081\\DevEcoStudioProjects\\SM\\entry\\.preview\\default\\intermediates\\res\\default\\resources\\base\\profile\\main_pages.json":{"hashValue":"c04c87e85eeb399c8ccf070dfb157cd3","name":"main_pages.json","path":"C:\\Users\\28081\\DevEcoStudioProjects\\SM\\entry\\.preview\\default\\intermediates\\res\\default\\resources\\base\\profile\\main_pages.json","type":"file","isSymbolicLink":false,"fileMetaData":{"size":38,"lastModifiedTime":1752829794626}},"C:\\Users\\28081\\DevEcoStudioProjects\\SM\\entry\\.preview\\default\\intermediates\\loader\\default":{"hashValue":"45472a5d9e98353f379dab427e8661b4","name":"default","path":"C:\\Users\\28081\\DevEcoStudioProjects\\SM\\entry\\.preview\\default\\intermediates\\loader\\default","type":"directory","isSymbolicLink":false,"children":[{"hashValue":"2d20bc76ca8b949fcc90d3841a1139e4","name":"loader.json","path":"C:\\Users\\28081\\DevEcoStudioProjects\\SM\\entry\\.preview\\default\\intermediates\\loader\\default\\loader.json","type":"file","isSymbolicLink":false,"fileMetaData":{"size":863,"lastModifiedTime":1752829793676}}]},"C:\\Users\\28081\\DevEcoStudioProjects\\SM\\entry\\.preview\\default\\intermediates\\res\\default\\ResourceTable.txt":{"hashValue":"5cdcb9ca58ad64d2e909cad465e0603c","name":"ResourceTable.txt","path":"C:\\Users\\28081\\DevEcoStudioProjects\\SM\\entry\\.preview\\default\\intermediates\\res\\default\\ResourceTable.txt","type":"file","isSymbolicLink":false,"fileMetaData":{"size":351,"lastModifiedTime":1752829794601}},"C:\\Users\\28081\\DevEcoStudioProjects\\SM\\entry\\build\\default\\generated\\profile\\default\\ModuleInfo.ts":{"hashValue":"","name":"emptyroot","path":"","type":"unknown","isSymbolicLink":false,"children":[]},"C:\\Users\\28081\\DevEcoStudioProjects\\SM\\entry\\build\\default\\intermediates\\loader\\default\\pkgContextInfo.json":{"hashValue":"","name":"emptyroot","path":"","type":"unknown","isSymbolicLink":false,"children":[]},"C:\\Users\\28081\\DevEcoStudioProjects\\SM\\build\\cache\\default\\integrated_hsp\\integratedHspCache.json":{"hashValue":"","name":"emptyroot","path":"","type":"unknown","isSymbolicLink":false,"children":[]},"C:\\Users\\28081\\DevEcoStudioProjects\\SM\\entry\\build\\default\\intermediates\\syscap\\default\\rpcid.sc":{"hashValue":"","name":"emptyroot","path":"","type":"unknown","isSymbolicLink":false,"children":[]},"C:\\Users\\28081\\DevEcoStudioProjects\\SM\\entry\\build\\default\\intermediates\\loader_out\\default\\js":{"hashValue":"","name":"emptyroot","path":"","type":"unknown","isSymbolicLink":false,"children":[]},"C:\\Users\\28081\\DevEcoStudioProjects\\SM\\entry\\build\\default\\outputs\\default\\entry-default-signed.hap":{"hashValue":"","name":"emptyroot","path":"","type":"unknown","isSymbolicLink":false,"children":[]},"C:\\Users\\28081\\DevEcoStudioProjects\\SM\\entry\\build\\default\\outputs\\default\\symbol":{"hashValue":"","name":"emptyroot","path":"","type":"unknown","isSymbolicLink":false,"children":[]}}