{
  "HVIGOR_OHOS_PLUGIN": {
    "MODULES": [
      {
        "MODULE_NAME": "1043bfc77febe75fafec0c4309faccf1",
        "API_TYPE": "stageMode",
        "INCREMENTAL_TASKS": {
          "COMPILE_ARKTS": true
        }
      }
    ],
    "BUILD_MODE": "debug"
  },
  "HVIGOR": {
    "IS_INCREMENTAL": true,
    "IS_DAEMON": true,
    "IS_PARALLEL": true,
    "IS_HVIGORFILE_TYPE_CHECK": false,
    "TASK_TIME": {
      "1043bfc77febe75fafec0c4309faccf1": {
        "CreateModuleInfo": 1231500,
        "ConfigureCmake": 209700,
        "PreCheckSyscap": 254400,
        "GeneratePkgContextInfo": 405200,
        "ProcessIntegratedHsp": 1549600,
        "BuildNativeWithCmake": 225900,
        "SyscapTransform": 1247100,
        "BuildNativeWithNinja": 1437800,
        "BuildJS": 5079500,
        "CompileArkTS": 761740400,
        "PackageHap": 668346100,
        "SignHap": 1478600,
        "CollectDebugSymbol": 3219500,
        "assembleHap": 118800
      }
    },
    "TOTAL_TIME": 1698302300,
    "BUILD_ID": "202507181729352430"
  }
}