{
  "entry|entry|1.0.0|src/main/ets/entryability/EntryAbility.ts": {
    "version": 3,
    "file": "EntryAbility.ets",
    "sourceRoot": "",
    "sources": [
      "entry/src/main/ets/entryability/EntryAbility.ets"
    ],
    "names": [],
    "mappings": "YAAS,eAAe;OAAE,SAAS;YAAE,IAAI;OAChC,KAAK;YACL,MAAM;AAEf,MAAM,MAAM,GAAG,MAAM,CAAC;AAEtB,MAAM,CAAC,OAAO,OAAO,YAAa,SAAQ,SAAS;IACjD,QAAQ,CAAC,IAAI,EAAE,IAAI,EAAE,WAAW,EAAE,eAAe,CAAC,WAAW,GAAG,IAAI;QAClE,KAAK,CAAC,IAAI,CAAC,MAAM,EAAE,SAAS,EAAE,YAAY,EAAE,kBAAkB,CAAC,CAAC;IAClE,CAAC;IAED,SAAS,IAAI,IAAI;QACf,KAAK,CAAC,IAAI,CAAC,MAAM,EAAE,SAAS,EAAE,YAAY,EAAE,mBAAmB,CAAC,CAAC;IACnE,CAAC;IAED,mBAAmB,CAAC,WAAW,EAAE,MAAM,CAAC,WAAW,GAAG,IAAI;QACxD,yDAAyD;QACzD,KAAK,CAAC,IAAI,CAAC,MAAM,EAAE,SAAS,EAAE,YAAY,EAAE,6BAA6B,CAAC,CAAC;QAE3E,WAAW,CAAC,WAAW,CAAC,YAAY,EAAE,CAAC,GAAG,EAAE,EAAE;YAC5C,IAAI,GAAG,CAAC,IAAI,EAAE;gBACZ,KAAK,CAAC,KAAK,CAAC,MAAM,EAAE,SAAS,EAAE,+CAA+C,EAAE,IAAI,CAAC,SAAS,CAAC,GAAG,CAAC,CAAC,CAAC;gBACrG,OAAO;aACR;YACD,KAAK,CAAC,IAAI,CAAC,MAAM,EAAE,SAAS,EAAE,mCAAmC,CAAC,CAAC;QACrE,CAAC,CAAC,CAAC;IACL,CAAC;IAED,oBAAoB,IAAI,IAAI;QAC1B,yDAAyD;QACzD,KAAK,CAAC,IAAI,CAAC,MAAM,EAAE,SAAS,EAAE,YAAY,EAAE,8BAA8B,CAAC,CAAC;IAC9E,CAAC;IAED,YAAY,IAAI,IAAI;QAClB,oCAAoC;QACpC,KAAK,CAAC,IAAI,CAAC,MAAM,EAAE,SAAS,EAAE,YAAY,EAAE,sBAAsB,CAAC,CAAC;IACtE,CAAC;IAED,YAAY,IAAI,IAAI;QAClB,iCAAiC;QACjC,KAAK,CAAC,IAAI,CAAC,MAAM,EAAE,SAAS,EAAE,YAAY,EAAE,sBAAsB,CAAC,CAAC;IACtE,CAAC;CACF",
    "entry-package-info": "entry|1.0.0"
  },
  "entry|entry|1.0.0|src/main/ets/pages/Home.ts": {
    "version": 3,
    "file": "Home.ets",
    "sourceRoot": "",
    "sources": [
      "entry/src/main/ets/pages/Home.ets"
    ],
    "names": [],
    "mappings": ";;;;IAmCU,IAAI,GAAE,MAAM;IACZ,MAAM,GAAE,MAAM;IACd,IAAI,GAAE,MAAM;IACZ,KAAK,GAAE,MAAM;IACb,GAAG,GAAE,MAAM;IACX,IAAI,GAAE,MAAM;;OAxCf,MAAM;OACN,IAAI;OACJ,YAAY;AAEnB,UAAU,WAAW;IACnB,IAAI,EAAE,MAAM,CAAC;IACb,MAAM,EAAE,MAAM,CAAC;IACf,IAAI,EAAE,MAAM,CAAC;IACb,KAAK,EAAE,MAAM,CAAC;IACd,GAAG,EAAE,MAAM,CAAC;IACZ,IAAI,EAAE,MAAM,CAAC;CACd;AACD,UAAU,UAAU;IAClB,UAAU,EAAE,MAAM,CAAC;IACnB,WAAW,EAAE,MAAM,CAAC;IACpB,SAAS,EAAE,MAAM,CAAC;IAClB,UAAU,EAAE,MAAM,CAAC;IACnB,KAAK,EAAE,MAAM,CAAC;IACd,IAAI,EAAE,MAAM,CAAC;IACb,IAAI,EAAE,MAAM,CAAC;IACb,OAAO,EAAE,MAAM,CAAC;IAChB,MAAM,EAAE,MAAM,CAAC;IACf,MAAM,EAAE,MAAM,CAAC;IACf,WAAW,EAAE,MAAM,CAAC;IACpB,UAAU,EAAE,MAAM,CAAC;IACnB,MAAM,EAAE,MAAM,CAAC;IACf,OAAO,EAAE,MAAM,CAAC;IAChB,KAAK,EAAE,MAAM,CAAC;IACd,GAAG,EAAE,MAAM,CAAC;IACZ,KAAK,EAAE,MAAM,CAAC;CACf;MAIM,IAAI;IAFX;;;;;oBAGyB,EAAE;sBACA,GAAG;oBACL,EAAE;qBACD,EAAE;mBACJ,EAAE;oBACD,EAAE;;;KAV1B;;;;;;;;;;;;;;;;;;;;;;;;;;;;;IAKC,OAAO,OAAO,MAAM,CAAK;IACzB,OAAO,SAAS,MAAM,CAAM;IAC5B,OAAO,OAAO,MAAM,CAAK;IACzB,OAAO,QAAQ,MAAM,CAAK;IAC1B,OAAO,MAAM,MAAM,CAAK;IACxB,OAAO,OAAO,MAAM,CAAK;IAEzB;;YACE,MAAM,QAAC,EAAE,KAAK,EAAE,EAAE,EAAE;;YAApB,MAAM,CAgFL,KAAK,CAAC,MAAM;YAhFb,MAAM,CAiFL,MAAM,CAAC,MAAM;YAjFd,MAAM,CAkFL,OAAO,CAAC,EAAE;YAlFX,MAAM,CAmFL,eAAe,CAAC,SAAS;;;YAlFxB,IAAI,QAAC,GAAG;;YAAR,IAAI,CACD,QAAQ,CAAC,EAAE;YADd,IAAI,CAED,UAAU,CAAC,UAAU,CAAC,IAAI;YAF7B,IAAI,CAGD,MAAM,CAAC,EAAE,GAAG,EAAE,EAAE,EAAE,MAAM,EAAE,EAAE,EAAE;YAHjC,IAAI,CAID,SAAS,CAAC,SAAS,CAAC,MAAM;;QAJ7B,IAAI;;YAMJ,SAAS,QAAC,EAAE,WAAW,EAAE,WAAW,EAAE,IAAI,EAAE,IAAI,CAAC,IAAI,EAAE;;YAAvD,SAAS,CACN,QAAQ,CAAC,CAAC,KAAK,EAAE,MAAM,EAAE,EAAE,GAAG,IAAI,CAAC,IAAI,GAAG,KAAK,CAAA,CAAC,CAAC;;;YAEpD,GAAG;;;;YACD,IAAI,QAAC,KAAK;;YAAV,IAAI,CAAQ,QAAQ,CAAC,EAAE;;QAAvB,IAAI;;YACJ,KAAK,QAAC,EAAE,KAAK,EAAE,GAAG,EAAE,KAAK,EAAE,QAAQ,EAAE;;YAArC,KAAK,CACF,OAAO,CAAC,IAAI,CAAC,MAAM,KAAK,GAAG;YAD9B,KAAK,CAEF,QAAQ,CAAC,GAAG,EAAE,GAAG,IAAI,CAAC,MAAM,GAAG,GAAG,CAAA,CAAC,CAAC;;;YACvC,IAAI,QAAC,GAAG;;YAAR,IAAI,CAAM,QAAQ,CAAC,EAAE;;QAArB,IAAI;;YACJ,KAAK,QAAC,EAAE,KAAK,EAAE,GAAG,EAAE,KAAK,EAAE,QAAQ,EAAE;;YAArC,KAAK,CACF,OAAO,CAAC,IAAI,CAAC,MAAM,KAAK,GAAG;YAD9B,KAAK,CAEF,QAAQ,CAAC,GAAG,EAAE,GAAG,IAAI,CAAC,MAAM,GAAG,GAAG,CAAA,CAAC,CAAC;;;YACvC,IAAI,QAAC,GAAG;;YAAR,IAAI,CAAM,QAAQ,CAAC,EAAE;;QAArB,IAAI;QATN,GAAG;;YAYH,SAAS,QAAC,EAAE,WAAW,EAAE,aAAa,EAAE,IAAI,EAAE,IAAI,CAAC,IAAI,EAAE;;YAAzD,SAAS,CACN,QAAQ,CAAC,CAAC,KAAK,EAAE,MAAM,EAAE,EAAE,GAAG,IAAI,CAAC,IAAI,GAAG,KAAK,CAAA,CAAC,CAAC;;;YAEpD,SAAS,QAAC,EAAE,WAAW,EAAE,YAAY,EAAE,IAAI,EAAE,IAAI,CAAC,KAAK,EAAE;;YAAzD,SAAS,CACN,QAAQ,CAAC,CAAC,KAAK,EAAE,MAAM,EAAE,EAAE,GAAG,IAAI,CAAC,KAAK,GAAG,KAAK,CAAA,CAAC,CAAC;;;YAErD,SAAS,QAAC,EAAE,WAAW,EAAE,WAAW,EAAE,IAAI,EAAE,IAAI,CAAC,GAAG,EAAE;;YAAtD,SAAS,CACN,QAAQ,CAAC,CAAC,KAAK,EAAE,MAAM,EAAE,EAAE,GAAG,IAAI,CAAC,GAAG,GAAG,KAAK,CAAA,CAAC,CAAC;;;YAEnD,SAAS,QAAC,EAAE,WAAW,EAAE,YAAY,EAAE,IAAI,EAAE,IAAI,CAAC,IAAI,EAAE;;YAAxD,SAAS,CACN,QAAQ,CAAC,CAAC,KAAK,EAAE,MAAM,EAAE,EAAE,GAAG,IAAI,CAAC,IAAI,GAAG,KAAK,CAAA,CAAC,CAAC;;;YAEpD,MAAM,iBAAC,QAAQ;;YAAf,MAAM,CACH,QAAQ,CAAC,EAAE;YADd,MAAM,CAEH,KAAK,CAAC,KAAK;YAFd,MAAM,CAGH,MAAM,CAAC,EAAE;YAHZ,MAAM,CAIH,eAAe,CAAC,SAAS;YAJ5B,MAAM,CAKH,SAAS,CAAC,KAAK,CAAC,KAAK;YALxB,MAAM,CAMH,YAAY,CAAC,CAAC;YANjB,MAAM,CAOH,SAAS,CAAC,SAAS,CAAC,MAAM;YAP7B,MAAM,CAQH,MAAM,CAAC,EAAE,GAAG,EAAE,EAAE,EAAE;YARrB,MAAM,CASH,OAAO,CAAC,GAAG,EAAE;gBACZ,SAAS;gBACT,IAAI,WAAW,EAAC,WAAW,GAAG;oBAC5B,IAAI,EAAE,IAAI,CAAC,IAAI;oBACf,MAAM,EAAE,IAAI,CAAC,MAAM;oBACnB,IAAI,EAAE,MAAM,CAAC,IAAI,CAAC,IAAI,CAAC;oBACvB,KAAK,EAAE,MAAM,CAAC,IAAI,CAAC,KAAK,CAAC;oBACzB,GAAG,EAAE,MAAM,CAAC,IAAI,CAAC,GAAG,CAAC;oBACrB,IAAI,EAAE,MAAM,CAAC,IAAI,CAAC,IAAI,CAAC;iBACxB,CAAC;gBAEF,IAAI,WAAW,GAAG,IAAI,CAAC,UAAU,EAAE,CAAC;gBACpC,WAAW,CAAC,OAAO,CACjB,oCAAoC,EAAE,YAAY;gBAClD;oBACE,MAAM,EAAE,IAAI,CAAC,aAAa,CAAC,IAAI;oBAC/B,MAAM,EAAE,EAAE,cAAc,EAAE,kBAAkB,EAAE;oBAC9C,SAAS,EAAE,IAAI,CAAC,SAAS,CAAC,WAAW,CAAC;oBACtC,cAAc,EAAE,IAAI;oBACpB,WAAW,EAAE,IAAI;iBAClB,EACD,CAAC,GAAG,EAAE,IAAI,EAAE,EAAE;oBACZ,IAAI,CAAC,GAAG,IAAI,IAAI,CAAC,YAAY,KAAK,GAAG,EAAE;wBACrC,SAAS;wBACT,WAAW;wBACX,MAAM,CAAC,OAAO,CAAC;4BACb,GAAG,EAAE,cAAc;4BACnB,MAAM,EAAE,EAAE,IAAI,EAAE,IAAI,CAAC,MAAM,EAAE;yBAC9B,CAAC,CAAC;qBACJ;yBAAM;wBACL,YAAY,CAAC,SAAS,CAAC,EAAE,OAAO,EAAE,eAAe,EAAE,CAAC,CAAC;qBACtD;oBACD,WAAW,CAAC,OAAO,EAAE,CAAC;gBACxB,CAAC,CACF,CAAC;YACJ,CAAC;;QA5CH,MAAM;QAlCR,MAAM;KAoFP",
    "entry-package-info": "entry|1.0.0"
  },
  "entry|entry|1.0.0|src/main/ets/pages/Result.ts": {
    "version": 3,
    "file": "Result.ets",
    "sourceRoot": "",
    "sources": [
      "entry/src/main/ets/pages/Result.ets"
    ],
    "names": [],
    "mappings": ";;;;IA4BU,UAAU,GAAE,UAAU;IACtB,MAAM,GAAE,UAAU;;OA7BrB,MAAM;AACb,UAAU,UAAU;IAClB,MAAM,EAAE,MAAM,CAAC;CAChB;AACD,UAAU,UAAU;IAClB,UAAU,EAAE,MAAM,CAAC;IACnB,WAAW,EAAE,MAAM,CAAC;IACpB,SAAS,EAAE,MAAM,CAAC;IAClB,UAAU,EAAE,MAAM,CAAC;IACnB,KAAK,EAAE,MAAM,CAAC;IACd,IAAI,EAAE,MAAM,CAAC;IACb,IAAI,EAAE,MAAM,CAAC;IACb,OAAO,EAAE,MAAM,CAAC;IAChB,MAAM,EAAE,MAAM,CAAC;IACf,MAAM,EAAE,MAAM,CAAC;IACf,WAAW,EAAE,MAAM,CAAC;IACpB,UAAU,EAAE,MAAM,CAAC;IACnB,MAAM,EAAE,MAAM,CAAC;IACf,OAAO,EAAE,MAAM,CAAC;IAChB,KAAK,EAAE,MAAM,CAAC;IACd,GAAG,EAAE,MAAM,CAAC;IACZ,KAAK,EAAE,MAAM,CAAC;CACf;MAKM,MAAM;IAFb;;;;;0BAGmC,MAAM,CAAC,SAAS,EAAE,IAAK,UAAU;sBACrC,IAAI,CAAC,KAAK,CAAC,IAAI,CAAC,UAAU,CAAC,MAAM,CAAC;;;KAPhE;;;;;;;;;;;;;;;;;IAMC,OAAO,aAAa,UAAU,CAAqC;IACnE,OAAO,SAAS,UAAU,CAAsC;IAGhE;;YACE,MAAM,QAAC,EAAE,KAAK,EAAE,EAAE,EAAE;;YAApB,MAAM,CAyBL,KAAK,CAAC,MAAM;YAzBb,MAAM,CA0BL,MAAM,CAAC,MAAM;YA1Bd,MAAM,CA2BL,OAAO,CAAC,EAAE;YA3BX,MAAM,CA4BL,eAAe,CAAC,SAAS;;;YA3BxB,IAAI,QAAC,KAAK,GAAG,CAAC,IAAI,CAAC,MAAM,CAAC,UAAU,IAAI,EAAE,CAAC;;;QAA3C,IAAI;;YACJ,IAAI,QAAC,KAAK,GAAG,CAAC,IAAI,CAAC,MAAM,CAAC,WAAW,IAAI,EAAE,CAAC;;;QAA5C,IAAI;;YACJ,IAAI,QAAC,KAAK,GAAG,CAAC,IAAI,CAAC,MAAM,CAAC,SAAS,IAAI,EAAE,CAAC;;;QAA1C,IAAI;;YACJ,IAAI,QAAC,KAAK,GAAG,CAAC,IAAI,CAAC,MAAM,CAAC,UAAU,IAAI,EAAE,CAAC;;;QAA3C,IAAI;;YACJ,IAAI,QAAC,IAAI,CAAC,MAAM,CAAC,KAAK,IAAI,EAAE;;;QAA5B,IAAI;;YACJ,IAAI,QAAC,IAAI,CAAC,MAAM,CAAC,IAAI,IAAI,EAAE;;;QAA3B,IAAI;;YACJ,IAAI,QAAC,IAAI,CAAC,MAAM,CAAC,IAAI,IAAI,EAAE;;;QAA3B,IAAI;;YACJ,IAAI,QAAC,IAAI,CAAC,MAAM,CAAC,OAAO,IAAI,EAAE;;;QAA9B,IAAI;;YACJ,IAAI,QAAC,IAAI,CAAC,MAAM,CAAC,MAAM,IAAI,EAAE;;;QAA7B,IAAI;;YACJ,IAAI,QAAC,IAAI,CAAC,MAAM,CAAC,MAAM,IAAI,EAAE;;;QAA7B,IAAI;;YACJ,IAAI,QAAC,IAAI,CAAC,MAAM,CAAC,WAAW,IAAI,EAAE;;;QAAlC,IAAI;;YACJ,IAAI,QAAC,IAAI,CAAC,MAAM,CAAC,UAAU,IAAI,EAAE;;;QAAjC,IAAI;;YACJ,IAAI,QAAC,IAAI,CAAC,MAAM,CAAC,MAAM,IAAI,EAAE;;;QAA7B,IAAI;;YACJ,IAAI,QAAC,IAAI,CAAC,MAAM,CAAC,OAAO,IAAI,EAAE;;;QAA9B,IAAI;;YACJ,IAAI,QAAC,IAAI,CAAC,MAAM,CAAC,KAAK,IAAI,EAAE;;;QAA5B,IAAI;;YACJ,IAAI,QAAC,IAAI,CAAC,MAAM,CAAC,GAAG,IAAI,EAAE;;;QAA1B,IAAI;;YACJ,IAAI,QAAC,IAAI,CAAC,MAAM,CAAC,KAAK,IAAI,EAAE;;;QAA5B,IAAI;;YACJ,MAAM,iBAAC,IAAI;;YAAX,MAAM,CACH,KAAK,CAAC,KAAK;YADd,MAAM,CAEH,MAAM,CAAC,EAAE,GAAG,EAAE,EAAE,EAAE,MAAM,EAAE,EAAE,EAAE;YAFjC,MAAM,CAGH,OAAO,CAAC,GAAG,EAAE;gBACZ,MAAM,CAAC,IAAI,EAAE,CAAC;YAChB,CAAC;;QALH,MAAM;QAlBR,MAAM;KA6BP",
    "entry-package-info": "entry|1.0.0"
  }
}